main_category,subcategory,title,author,url
Education & Reference,Teaching & Education,Self Knowledge and Guide to Sex Instruction: Vital Facts of Life for All Ages,Thomas W. Shannon,https://www.gutenberg.org/ebooks/47947
Education & Reference,Teaching & Education,Sex-education,Maurice A. Bigelow,https://www.gutenberg.org/ebooks/31352
Education & Reference,Teaching & Education,Confidential Chats with Girls,William Lee Howard,https://www.gutenberg.org/ebooks/57551
Education & Reference,Teaching & Education,Helps to Latin Translation at Sight,Edmund Luce,https://www.gutenberg.org/ebooks/28890
Education & Reference,Teaching & Education,The Sexual Life of the Child,Albert Moll,https://www.gutenberg.org/ebooks/28402
Education & Reference,Teaching & Education,"Sex in Education; or, A Fair Chance for Girls",Edward H. Clarke,https://www.gutenberg.org/ebooks/18504
Education & Reference,Teaching & Education,Heath's Modern Language Series: The Spanish American Reader (Spanish),Ernesto Nelson,https://www.gutenberg.org/ebooks/39647
Education & Reference,Teaching & Education,The reader's guide to the Encyclopaedia Britannica : A handbook containing sixty-six courses of systematic study or occasional reading,Inc. Encyclopaedia Britannica,https://www.gutenberg.org/ebooks/74039
Education & Reference,Teaching & Education,1001 задача для умственного счета (Russian),Sergei Aleksandrovich Rachinskii,https://www.gutenberg.org/ebooks/16527
Education & Reference,Teaching & Education,How We Think,John Dewey,https://www.gutenberg.org/ebooks/37423
Education & Reference,Teaching & Education,McGuffey's Fourth Eclectic Reader,William Holmes McGuffey,https://www.gutenberg.org/ebooks/14880
Education & Reference,Teaching & Education,Types of News Writing,Willard Grosvenor Bleyer,https://www.gutenberg.org/ebooks/59606
Education & Reference,Teaching & Education,A First Spanish Reader (Spanish),Erwin W. Roessler and Alfred Remy,https://www.gutenberg.org/ebooks/15353
Education & Reference,Teaching & Education,Democracy and Education: An Introduction to the Philosophy of Education,John Dewey,https://www.gutenberg.org/ebooks/852
Education & Reference,Teaching & Education,Household Education,Harriet Martineau,https://www.gutenberg.org/ebooks/38179
Education & Reference,Teaching & Education,Emile,Jean-Jacques Rousseau,https://www.gutenberg.org/ebooks/5427
Education & Reference,Teaching & Education,Latin for Beginners,Benjamin L. D'Ooge,https://www.gutenberg.org/ebooks/18251
Education & Reference,Teaching & Education,"Letters to His Son, Complete",Earl of Philip Dormer Stanhope Chesterfield,https://www.gutenberg.org/ebooks/3361
Education & Reference,Teaching & Education,The Idea of a University Defined and Illustrated,John Henry Newman,https://www.gutenberg.org/ebooks/24526
Education & Reference,Teaching & Education,The Orbis Pictus,Johann Amos Comenius,https://www.gutenberg.org/ebooks/28299
History,History - European,Society as I Have Found It,Ward McAllister,https://www.gutenberg.org/ebooks/55300
History,History - European,Der Marquis de Sade und seine Zeit. (German),Iwan Bloch,https://www.gutenberg.org/ebooks/68400
History,History - European,The Wars of Religion in France 1559-1576,James Westfall Thompson,https://www.gutenberg.org/ebooks/49266
History,History - European,"The History of Cuba, vol. 2",Willis Fletcher Johnson,https://www.gutenberg.org/ebooks/37676
History,History - European,The History of the Decline and Fall of the Roman Empire,Edward Gibbon,https://www.gutenberg.org/ebooks/25717
History,History - European,Legends of the Bastille,Frantz Funck-Brentano,https://www.gutenberg.org/ebooks/43231
History,History - European,"Napoleon's Letters to Josephine, 1796-1812",Emperor of the French Napoleon I,https://www.gutenberg.org/ebooks/37499
History,History - European,"A history of the Peninsular War, Vol. 3, Sep. 1809-Dec. 1810 : Ocaña, Cadiz, Bussaco, Torres Vedras",Charles Oman,https://www.gutenberg.org/ebooks/55231
History,History - European,"Die Deutschen Familiennamen, geschichtlich, geographisch, sprachlich (German)",Albert Heintze,https://www.gutenberg.org/ebooks/58804
History,History - European,How France Built Her Cathedrals: A Study in the Twelfth and Thirteenth Centuries,Elizabeth Boyle O'Reilly,https://www.gutenberg.org/ebooks/41687
History,History - European,Walks in Rome,Augustus J. C. Hare,https://www.gutenberg.org/ebooks/39308
History,History - European,Historic Paris,Jetta Sophia Wolff,https://www.gutenberg.org/ebooks/42722
History,History - European,A History of the Inquisition of Spain; vol. 1,Henry Charles Lea,https://www.gutenberg.org/ebooks/43296
History,History - European,The Criminal Prosecution and Capital Punishment of Animals,E. P. Evans,https://www.gutenberg.org/ebooks/43286
History,History - European,"Encyclopaedia Britannica, 11th Edition, ""Bohemia"" to ""Borgia, Francis""",Various,https://www.gutenberg.org/ebooks/33614
History,History - European,"The Memoirs of the Conquistador Bernal Diaz del Castillo, Vol 1 (of 2)",Bernal Díaz del Castillo,https://www.gutenberg.org/ebooks/32474
History,History - European,Christopher Columbus and How He Received and Imparted the Spirit of Discovery,Justin Winsor,https://www.gutenberg.org/ebooks/42059
History,History - European,"The war drama of the Eagles : Napoleon's standard-bearers on the battlefield in victory and defeat from Austerlitz to Waterloo, a record of hard fighting, heroism, and adventure",Edward Fraser,https://www.gutenberg.org/ebooks/75293
History,History - European,The Story of Paris,Thomas Okey,https://www.gutenberg.org/ebooks/26450
History,History - European,"A Popular History of France from the Earliest Times, Volume 5",François Guizot,https://www.gutenberg.org/ebooks/11955
History,History - Ancient,Lysistrata,Aristophanes,https://www.gutenberg.org/ebooks/7700
History,History - Ancient,The Iliad,Homer,https://www.gutenberg.org/ebooks/2199
History,History - Ancient,The Art of War,active 6th century B.C. Sunzi,https://www.gutenberg.org/ebooks/132
History,History - Ancient,"The History of Prostitution: Its Extent, Causes, and Effects throughout the World",William W. Sanger,https://www.gutenberg.org/ebooks/41873
History,History - Ancient,Antiquities of the Jews,Flavius Josephus,https://www.gutenberg.org/ebooks/2848
History,History - Ancient,The History of the Peloponnesian War,Thucydides,https://www.gutenberg.org/ebooks/7142
History,History - Ancient,Phallic Worship,Hargrave Jennings,https://www.gutenberg.org/ebooks/67969
History,History - Ancient,Religion and Lust,Jr. James Weir,https://www.gutenberg.org/ebooks/26071
History,History - Ancient,A History of Greek Economic Thought,Albert Augustus Trever,https://www.gutenberg.org/ebooks/58204
History,History - Ancient,A Problem in Greek Ethics,John Addington Symonds,https://www.gutenberg.org/ebooks/32022
History,History - Ancient,The History of Herodotus — Volume 1,Herodotus,https://www.gutenberg.org/ebooks/2707
History,History - Ancient,Cookery and Dining in Imperial Rome,Apicius,https://www.gutenberg.org/ebooks/29728
History,History - Ancient,The Egyptian Book of the dead,,https://www.gutenberg.org/ebooks/69566
History,History - Ancient,"The Wars of the Jews; Or, The History of the Destruction of Jerusalem",Flavius Josephus,https://www.gutenberg.org/ebooks/2850
History,History - Ancient,"Mexico, Aztec, Spanish and Republican, Vol. 1 of 2",Brantz Mayer,https://www.gutenberg.org/ebooks/37887
History,History - Ancient,"The Anabasis of Alexander : or, The history of the wars and conquests of Alexander the Great",Arrian,https://www.gutenberg.org/ebooks/46976
History,History - Ancient,Anabasis,Xenophon,https://www.gutenberg.org/ebooks/1170
History,History - Ancient,"The Lives of the Twelve Caesars, Complete",Suetonius,https://www.gutenberg.org/ebooks/6400
History,History - Ancient,Ancient Pagan and Modern Christian Symbolism,Thomas Inman and M.R.C.S.E. John Newton,https://www.gutenberg.org/ebooks/38485
History,History - Ancient,The travels of Pedro de Cieza de Léon; part 2,Pedro de Cieza de León,https://www.gutenberg.org/ebooks/48785
Arts & Culture,Music,My Life — Volume 1,Richard Wagner,https://www.gutenberg.org/ebooks/5197
Arts & Culture,Music,How to sing [Meine Gesangskunst],Lilli Lehmann,https://www.gutenberg.org/ebooks/19116
Arts & Culture,Music,"The art of music, Vol. 06 (of 14) : Choral and church music",Rossetter G. Cole,https://www.gutenberg.org/ebooks/76594
Arts & Culture,Music,The Letters of Wolfgang Amadeus Mozart — Volume 01,Wolfgang Amadeus Mozart,https://www.gutenberg.org/ebooks/5307
Arts & Culture,Music,"Frederick Chopin, as a Man and Musician — Complete",Frederick Niecks,https://www.gutenberg.org/ebooks/4973
Arts & Culture,Music,"The London Mercury, Vol. I, Nos. 1-6, November 1919 to April 1920",Various,https://www.gutenberg.org/ebooks/45116
Arts & Culture,Music,"Principles of Orchestration, with Musical Examples Drawn from His Own Works",Nikolay Rimsky-Korsakov,https://www.gutenberg.org/ebooks/33900
Arts & Culture,Music,"Encyclopaedia Britannica, 11th Edition, ""Harmony"" to ""Heanor""",Various,https://www.gutenberg.org/ebooks/39632
Arts & Culture,Music,Handbook to the Mennonite Hymnary,Lester Hostetler,https://www.gutenberg.org/ebooks/54966
Arts & Culture,Music,"How music grew, from prehistoric times to the present day",Ethel R. Peyser and Marion Bauer,https://www.gutenberg.org/ebooks/72171
Arts & Culture,Music,The liberty minstrel,George Washington Clark,https://www.gutenberg.org/ebooks/22089
Arts & Culture,Music,The Latin Hymn-writers and Their Hymns,Samuel Willoughby Duffield,https://www.gutenberg.org/ebooks/54903
Arts & Culture,Music,"The Standard Cantatas: Their Stories, Their Music, and Their Composers",George P. Upton,https://www.gutenberg.org/ebooks/32248
Arts & Culture,Music,The Lighter Classics in Music,David Ewen,https://www.gutenberg.org/ebooks/66346
Arts & Culture,Music,My Musical Life,Walter Damrosch,https://www.gutenberg.org/ebooks/58871
Arts & Culture,Music,A Complete History of Music,W. J. Baltzell,https://www.gutenberg.org/ebooks/54392
Arts & Culture,Music,"The art of music, Vol. 04 (of 14) : Music in America",,https://www.gutenberg.org/ebooks/72599
Arts & Culture,Music,The Complete Plays of Gilbert and Sullivan,W. S. Gilbert and Arthur Sullivan,https://www.gutenberg.org/ebooks/808
Arts & Culture,Music,"The Life of Ludwig van Beethoven, Volume I",Alexander Wheelock Thayer,https://www.gutenberg.org/ebooks/43591
Arts & Culture,Music,Contemporary American Composers,Rupert Hughes,https://www.gutenberg.org/ebooks/23800
Literature,American Literature,"Moby Dick; Or, The Whale",Herman Melville,https://www.gutenberg.org/ebooks/2701
Literature,American Literature,"Little Women; Or, Meg, Jo, Beth, and Amy",Louisa May Alcott,https://www.gutenberg.org/ebooks/37106
Literature,American Literature,"The Mysterious Stranger, and Other Stories",Mark Twain,https://www.gutenberg.org/ebooks/3186
Literature,American Literature,"The Adventures of Tom Sawyer, Complete",Mark Twain,https://www.gutenberg.org/ebooks/74
Literature,American Literature,The Eyes Have It,Philip K. Dick,https://www.gutenberg.org/ebooks/31516
Literature,American Literature,"Eve's Diary, Complete",Mark Twain,https://www.gutenberg.org/ebooks/8525
Literature,American Literature,The call of the wild,Jack London,https://www.gutenberg.org/ebooks/215
Literature,American Literature,The Great Gatsby,F. Scott Fitzgerald,https://www.gutenberg.org/ebooks/64317
Literature,American Literature,Sketches New and Old,Mark Twain,https://www.gutenberg.org/ebooks/3189
Literature,American Literature,Anthem,Ayn Rand,https://www.gutenberg.org/ebooks/1250
Literature,American Literature,2 B R 0 2 B,Kurt Vonnegut,https://www.gutenberg.org/ebooks/21279
Literature,American Literature,The Yellow Wallpaper,Charlotte Perkins Gilman,https://www.gutenberg.org/ebooks/1952
Literature,American Literature,The Beautiful and Damned,F. Scott Fitzgerald,https://www.gutenberg.org/ebooks/9830
Literature,American Literature,Adventures of Huckleberry Finn,Mark Twain,https://www.gutenberg.org/ebooks/76
Literature,American Literature,The Works of Edgar Allan Poe — Volume 1,Edgar Allan Poe,https://www.gutenberg.org/ebooks/2147
Literature,American Literature,Rip Van Winkle,Washington Irving,https://www.gutenberg.org/ebooks/60976
Literature,American Literature,The Gift of the Magi,O. Henry,https://www.gutenberg.org/ebooks/7256
Literature,American Literature,A Connecticut Yankee in King Arthur's Court,Mark Twain,https://www.gutenberg.org/ebooks/86
Literature,American Literature,Plays,Susan Glaspell,https://www.gutenberg.org/ebooks/10623
Literature,American Literature,The Best American Humorous Short Stories,,https://www.gutenberg.org/ebooks/10947
Science & Technology,Engineering & Technology,A short history of the printing press and of the improvements in printing machinery from the time of Gutenberg up to the present day,Robert Hoe,https://www.gutenberg.org/ebooks/63545
Science & Technology,Engineering & Technology,The Online World,Odd De Presno,https://www.gutenberg.org/ebooks/80
Science & Technology,Engineering & Technology,How it Works,Archibald Williams,https://www.gutenberg.org/ebooks/28553
Science & Technology,Engineering & Technology,The Notebooks of Leonardo Da Vinci — Complete,da Vinci Leonardo,https://www.gutenberg.org/ebooks/5000
Science & Technology,Engineering & Technology,Woodworking Tools 1600-1900,Peter C. Welsh,https://www.gutenberg.org/ebooks/27238
Science & Technology,Engineering & Technology,"De Re Metallica, Translated from the First Latin Edition of 1556",Georg Agricola,https://www.gutenberg.org/ebooks/38015
Science & Technology,Engineering & Technology,"The book of wonders : gives plain and simple answers to the thousands of everyday questions that are asked and which all should be able to, but cannot answer...",,https://www.gutenberg.org/ebooks/75948
Science & Technology,Engineering & Technology,Jane's All the World's Aircraft. 1913,,https://www.gutenberg.org/ebooks/34815
Science & Technology,Engineering & Technology,"Scientific American, Vol. XXXVII.—No. 2. [New Series.], July 14, 1877",Various,https://www.gutenberg.org/ebooks/38481
Science & Technology,Engineering & Technology,Soap-Making Manual,Edgar George Thomssen,https://www.gutenberg.org/ebooks/34114
Science & Technology,Engineering & Technology,Steam-ships : The story of their development to the present day,R. A. Fletcher,https://www.gutenberg.org/ebooks/72847
Science & Technology,Engineering & Technology,The Progress of Invention in the Nineteenth Century.,Edward W. Byrn,https://www.gutenberg.org/ebooks/41538
Science & Technology,Engineering & Technology,"The inventions, researches and writings of Nikola Tesla",Thomas Commerford Martin,https://www.gutenberg.org/ebooks/39272
Science & Technology,Engineering & Technology,The Manufacture of Paper,R. W. Sindall,https://www.gutenberg.org/ebooks/46449
Science & Technology,Engineering & Technology,The Boy Electrician,Alfred Powell Morgan,https://www.gutenberg.org/ebooks/63207
Science & Technology,Engineering & Technology,"Encyclopaedia Britannica, 11th Edition, ""Destructors"" to ""Diameter""",Various,https://www.gutenberg.org/ebooks/30073
Science & Technology,Engineering & Technology,The Silicon Jungle,David H. Rothman,https://www.gutenberg.org/ebooks/54360
Science & Technology,Engineering & Technology,The history of steam navigation,John Kennedy,https://www.gutenberg.org/ebooks/70176
Science & Technology,Engineering & Technology,Inventions in the Century,William Henry Doolittle,https://www.gutenberg.org/ebooks/36776
Science & Technology,Engineering & Technology,Computers—the machines we think with,D. S. Halacy,https://www.gutenberg.org/ebooks/72572
Health & Medicine,Drugs/Alcohol/Pharmacology,"Beer, its history and its economic value as a national beverage",F. W. Salem,https://www.gutenberg.org/ebooks/76262
Health & Medicine,Drugs/Alcohol/Pharmacology,Tobacco Leaves: Being a Book of Facts for Smokers,William Augustine Brennan,https://www.gutenberg.org/ebooks/37388
Health & Medicine,Drugs/Alcohol/Pharmacology,Confessions of an English Opium-Eater,Thomas De Quincey,https://www.gutenberg.org/ebooks/2040
Health & Medicine,Drugs/Alcohol/Pharmacology,Merck's 1899 Manual of the Materia Medica,Merck & Co.,https://www.gutenberg.org/ebooks/41697
Health & Medicine,Drugs/Alcohol/Pharmacology,Pharmacographia,Friedrich A. Flückiger and Daniel Hanbury,https://www.gutenberg.org/ebooks/67691
Health & Medicine,Drugs/Alcohol/Pharmacology,The Mystery and Romance of Alchemy and Pharmacy,C. J. S. Thompson,https://www.gutenberg.org/ebooks/47004
Health & Medicine,Drugs/Alcohol/Pharmacology,Herbal Simples Approved for Modern Uses of Cure,William Thomas Fernie,https://www.gutenberg.org/ebooks/19352
Health & Medicine,Drugs/Alcohol/Pharmacology,The Opium Monopoly,Ellen N. La Motte,https://www.gutenberg.org/ebooks/33479
Health & Medicine,Drugs/Alcohol/Pharmacology,The Great American Fraud,Samuel Hopkins Adams,https://www.gutenberg.org/ebooks/44325
Health & Medicine,Drugs/Alcohol/Pharmacology,The Seven Sisters of Sleep,M. C. Cooke,https://www.gutenberg.org/ebooks/60805
Health & Medicine,Drugs/Alcohol/Pharmacology,"Poisons, Their Effects and Detection",Alexander Wynter Blyth,https://www.gutenberg.org/ebooks/42709
Health & Medicine,Drugs/Alcohol/Pharmacology,Some Constituents of the Poison Ivy Plant (Rhus Toxicodendron),William Anderson Syme,https://www.gutenberg.org/ebooks/34510
Health & Medicine,Drugs/Alcohol/Pharmacology,"Fools of Fortune; or, Gambling and Gamblers",John Philip Quinn,https://www.gutenberg.org/ebooks/58280
Health & Medicine,Drugs/Alcohol/Pharmacology,"Chronicles of Pharmacy, Vol. 2 (of 2)",A. C. Wootton,https://www.gutenberg.org/ebooks/67414
Health & Medicine,Drugs/Alcohol/Pharmacology,"Nicotiana; Or, The Smoker's and Snuff-Taker's Companion",Henry James Meller,https://www.gutenberg.org/ebooks/36879
Health & Medicine,Drugs/Alcohol/Pharmacology,"Alcohol: A Dangerous and Unnecessary Medicine, How and Why",Martha Meir Allen,https://www.gutenberg.org/ebooks/26774
Health & Medicine,Drugs/Alcohol/Pharmacology,"Chronicles of Pharmacy, Vol. 1 (of 2)",A. C. Wootton,https://www.gutenberg.org/ebooks/65872
Health & Medicine,Drugs/Alcohol/Pharmacology,"The Plague of Lust, Vol. 2 (of 2)",Julius Rosenbaum,https://www.gutenberg.org/ebooks/63246
Health & Medicine,Drugs/Alcohol/Pharmacology,A Practical Handbook on the Distillation of Alcohol from Farm Products,F. B. Wright,https://www.gutenberg.org/ebooks/46377
Health & Medicine,Drugs/Alcohol/Pharmacology,Epitome of the Pharmacopeia of the United States and the National Formulary,"Albion Walter Hewlett, Torald Hermann Sollmann, Martin I. Wilbert, and William August Puckner",https://www.gutenberg.org/ebooks/41778
Arts & Culture,"Essays, Letters & Speeches",The Expedition of Humphry Clinker,T. Smollett,https://www.gutenberg.org/ebooks/2160
Arts & Culture,"Essays, Letters & Speeches",A Modest Proposal,Jonathan Swift,https://www.gutenberg.org/ebooks/1080
Arts & Culture,"Essays, Letters & Speeches",Laughter: An Essay on the Meaning of the Comic,Henri Bergson,https://www.gutenberg.org/ebooks/4352
Arts & Culture,"Essays, Letters & Speeches","Walden, and On The Duty Of Civil Disobedience",Henry David Thoreau,https://www.gutenberg.org/ebooks/205
Arts & Culture,"Essays, Letters & Speeches",Mémoires de Miss Coote: Exploits d'une fouetteuse britannique racontés par elle-même (French),Rosa Belinda Coote,https://www.gutenberg.org/ebooks/64830
Arts & Culture,"Essays, Letters & Speeches","The Battle of the Books, and other Short Pieces",Jonathan Swift,https://www.gutenberg.org/ebooks/623
Arts & Culture,"Essays, Letters & Speeches",De Profundis,Oscar Wilde,https://www.gutenberg.org/ebooks/921
Arts & Culture,"Essays, Letters & Speeches",The Souls of Black Folk,W. E. B. Du Bois,https://www.gutenberg.org/ebooks/408
Arts & Culture,"Essays, Letters & Speeches","The Works of Edgar Allan Poe, The Raven Edition",Edgar Allan Poe,https://www.gutenberg.org/ebooks/25525
Arts & Culture,"Essays, Letters & Speeches",Plutarch's Morals,Plutarch,https://www.gutenberg.org/ebooks/23639
Arts & Culture,"Essays, Letters & Speeches",The Subjection of Women,John Stuart Mill,https://www.gutenberg.org/ebooks/27083
Arts & Culture,"Essays, Letters & Speeches",A Vindication of the Rights of Woman,Mary Wollstonecraft,https://www.gutenberg.org/ebooks/3420
Arts & Culture,"Essays, Letters & Speeches",Woman in the Nineteenth Century,Margaret Fuller,https://www.gutenberg.org/ebooks/8642
Arts & Culture,"Essays, Letters & Speeches",In Defense of Women,H. L. Mencken,https://www.gutenberg.org/ebooks/1270
Arts & Culture,"Essays, Letters & Speeches",Anarchism and Other Essays,Emma Goldman,https://www.gutenberg.org/ebooks/2162
Arts & Culture,"Essays, Letters & Speeches","Writings in the United Amateur, 1915-1922",H. P. Lovecraft,https://www.gutenberg.org/ebooks/30637
Arts & Culture,"Essays, Letters & Speeches",Selected Works of Voltairine de Cleyre,Voltairine De Cleyre,https://www.gutenberg.org/ebooks/43098
Arts & Culture,"Essays, Letters & Speeches",The Authoress of the Odyssey,Samuel Butler,https://www.gutenberg.org/ebooks/49324
Arts & Culture,"Essays, Letters & Speeches",The Erotic Motive in Literature,Albert Mordell,https://www.gutenberg.org/ebooks/56779
Arts & Culture,"Essays, Letters & Speeches","A serious proposal to the Ladies, for the advancement of their true and greatest interest (In Two Parts)",Mary Astell,https://www.gutenberg.org/ebooks/54984
Arts & Culture,Architecture,"St. John's College, Cambridge",Robert Forsyth Scott,https://www.gutenberg.org/ebooks/27320
Arts & Culture,Architecture,The Ten Books on Architecture,Vitruvius Pollio,https://www.gutenberg.org/ebooks/20239
Arts & Culture,Architecture,The Stately Homes of England,Llewellynn Frederick William Jewitt and S. C. Hall,https://www.gutenberg.org/ebooks/51173
Arts & Culture,Architecture,Highways and Byways in Cambridge and Ely,John William Edward Conybeare,https://www.gutenberg.org/ebooks/38735
Arts & Culture,Architecture,Ely Cathedral,Anonymous,https://www.gutenberg.org/ebooks/20924
Arts & Culture,Architecture,"The Antiquarian Magazine & Bibliographer; Vol. 4, July-Dec 1884",Various,https://www.gutenberg.org/ebooks/52641
Arts & Culture,Architecture,"A guide book of art, architecture, and historic interests in Pennsylvania",,https://www.gutenberg.org/ebooks/66410
Arts & Culture,Architecture,"Encyclopaedia Britannica, 11th Edition, ""Map"" to ""Mars""",Various,https://www.gutenberg.org/ebooks/42638
Arts & Culture,Architecture,"The Stones of Venice, Volume 2 (of 3),",John Ruskin,https://www.gutenberg.org/ebooks/30755
Arts & Culture,Architecture,The Haciendas of Mexico: An Artist's Record,Paul Alexander Bartlett,https://www.gutenberg.org/ebooks/48053
Arts & Culture,Architecture,"The Churches of Paris, from Clovis to Charles X",Sophia Beale,https://www.gutenberg.org/ebooks/39989
Arts & Culture,Architecture,Architecture : nineteenth and twentieth centuries,Henry-Russell Hitchcock,https://www.gutenberg.org/ebooks/70079
Arts & Culture,Architecture,The Seven Lamps of Architecture,John Ruskin,https://www.gutenberg.org/ebooks/35898
Arts & Culture,Architecture,"The Attic theatre : a description of the stage and theatre of the Athenians, and of the dramatic performances at Athens",A. E. Haigh,https://www.gutenberg.org/ebooks/76555
Arts & Culture,Architecture,Garden Cities of To-Morrow,Sir Ebenezer Howard,https://www.gutenberg.org/ebooks/46134
Arts & Culture,Architecture,"The Stones of Venice, Volume 1 (of 3)",John Ruskin,https://www.gutenberg.org/ebooks/30754
Arts & Culture,Architecture,Castles and Chateaux of Old Navarre and the Basque Provinces,M. F. Mansfield,https://www.gutenberg.org/ebooks/43609
Arts & Culture,Architecture,The Story of Rouen,Theodore Andrea Cook,https://www.gutenberg.org/ebooks/24519
Arts & Culture,Architecture,Plan of Chicago,"Daniel Hudson Burnham, Edward H. Bennett, and Commercial Club of Chicago",https://www.gutenberg.org/ebooks/76669
Arts & Culture,Architecture,Royal Palaces and Parks of France,M. F. Mansfield,https://www.gutenberg.org/ebooks/25842
Literature,German Literature,Metamorphosis,Franz Kafka,https://www.gutenberg.org/ebooks/5200
Literature,German Literature,Der Struwwelpeter (German),Heinrich Hoffmann,https://www.gutenberg.org/ebooks/24571
Literature,German Literature,Grimms' Fairy Tales,Jacob Grimm and Wilhelm Grimm,https://www.gutenberg.org/ebooks/2591
Literature,German Literature,The Sorrows of Young Werther,Johann Wolfgang von Goethe,https://www.gutenberg.org/ebooks/2527
Literature,German Literature,Thus Spake Zarathustra: A Book for All and None,Friedrich Wilhelm Nietzsche,https://www.gutenberg.org/ebooks/1998
Literature,German Literature,Faust [part 1]. Translated Into English in the Original Metres,Johann Wolfgang von Goethe,https://www.gutenberg.org/ebooks/14591
Literature,German Literature,Venus in Furs,Ritter von Leopold Sacher-Masoch,https://www.gutenberg.org/ebooks/6852
Literature,German Literature,Siddhartha,Hermann Hesse,https://www.gutenberg.org/ebooks/2500
Literature,German Literature,The Trial,Franz Kafka,https://www.gutenberg.org/ebooks/7849
Literature,German Literature,Die Verwandlung (German),Franz Kafka,https://www.gutenberg.org/ebooks/22367
Literature,German Literature,Max und Moritz: Eine Bubengeschichte in sieben Streichen (German),Wilhelm Busch,https://www.gutenberg.org/ebooks/17161
Literature,German Literature,Struwwelpeter: Merry Stories and Funny Pictures,Heinrich Hoffmann,https://www.gutenberg.org/ebooks/12116
Literature,German Literature,Death in Venice,Thomas Mann,https://www.gutenberg.org/ebooks/66073
Literature,German Literature,Geschlecht und Charakter: Eine prinzipielle Untersuchung (German),Otto Weininger,https://www.gutenberg.org/ebooks/51221
Literature,German Literature,Der Skorpion. Band 1 (German),Anna Elisabet Weirauch,https://www.gutenberg.org/ebooks/75397
Literature,German Literature,Also sprach Zarathustra: Ein Buch für Alle und Keinen (German),Friedrich Wilhelm Nietzsche,https://www.gutenberg.org/ebooks/7205
Literature,German Literature,Geflügelte Worte: Der Citatenschatz des deutschen Volkes (German),Georg Büchmann and Walter Robert-tornow,https://www.gutenberg.org/ebooks/43759
Literature,German Literature,Aphorismen zur Lebensweisheit (German),Arthur Schopenhauer,https://www.gutenberg.org/ebooks/47406
Literature,German Literature,The Nibelungenlied,,https://www.gutenberg.org/ebooks/7321
Literature,German Literature,The poems of Heine; Complete,Heinrich Heine,https://www.gutenberg.org/ebooks/52882
Literature,"Crime, Thrillers & Mystery",Crime and Punishment,Fyodor Dostoyevsky,https://www.gutenberg.org/ebooks/2554
Literature,"Crime, Thrillers & Mystery",Dracula,Bram Stoker,https://www.gutenberg.org/ebooks/345
Literature,"Crime, Thrillers & Mystery",The Strange Case of Dr. Jekyll and Mr. Hyde,Robert Louis Stevenson,https://www.gutenberg.org/ebooks/43
Literature,"Crime, Thrillers & Mystery",The murder of Roger Ackroyd,Agatha Christie,https://www.gutenberg.org/ebooks/69087
Literature,"Crime, Thrillers & Mystery",The Adventures of Sherlock Holmes,Arthur Conan Doyle,https://www.gutenberg.org/ebooks/1661
Literature,"Crime, Thrillers & Mystery",The Return of Sherlock Holmes,Arthur Conan Doyle,https://www.gutenberg.org/ebooks/108
Literature,"Crime, Thrillers & Mystery",The Sign of the Four,Arthur Conan Doyle,https://www.gutenberg.org/ebooks/2097
Literature,"Crime, Thrillers & Mystery",The Turn of the Screw,Henry James,https://www.gutenberg.org/ebooks/209
Literature,"Crime, Thrillers & Mystery",The Man Who Was Thursday: A Nightmare,G. K. Chesterton,https://www.gutenberg.org/ebooks/1695
Literature,"Crime, Thrillers & Mystery",Space Station 1,Frank Belknap Long,https://www.gutenberg.org/ebooks/50290
Literature,"Crime, Thrillers & Mystery","The Extraordinary Adventures of Arsène Lupin, Gentleman-Burglar",Maurice Leblanc,https://www.gutenberg.org/ebooks/6133
Literature,"Crime, Thrillers & Mystery",The House on the Borderland,William Hope Hodgson,https://www.gutenberg.org/ebooks/10002
Literature,"Crime, Thrillers & Mystery",The Phantom of the Opera,Gaston Leroux,https://www.gutenberg.org/ebooks/175
Literature,"Crime, Thrillers & Mystery",The Mysterious Affair at Styles,Agatha Christie,https://www.gutenberg.org/ebooks/863
Literature,"Crime, Thrillers & Mystery",The Memoirs of Sherlock Holmes,Arthur Conan Doyle,https://www.gutenberg.org/ebooks/834
Literature,"Crime, Thrillers & Mystery",The King in Yellow,Robert W. Chambers,https://www.gutenberg.org/ebooks/8492
Literature,"Crime, Thrillers & Mystery",A Study in Scarlet,Arthur Conan Doyle,https://www.gutenberg.org/ebooks/244
Literature,"Crime, Thrillers & Mystery",The Works of Edgar Allan Poe — Volume 2,Edgar Allan Poe,https://www.gutenberg.org/ebooks/2148
Literature,"Crime, Thrillers & Mystery",The Hound of the Baskervilles,Arthur Conan Doyle,https://www.gutenberg.org/ebooks/2852
Literature,"Crime, Thrillers & Mystery",The Green Mummy,Fergus Hume,https://www.gutenberg.org/ebooks/2868
Social Sciences & Society,Old Age & the Elderly,Treatises on Friendship and Old Age,Marcus Tullius Cicero,https://www.gutenberg.org/ebooks/2808
Social Sciences & Society,Old Age & the Elderly,"Senescence, the Last Half of Life",G. Stanley Hall,https://www.gutenberg.org/ebooks/66534
Social Sciences & Society,Old Age & the Elderly,Cato Maior de Senectute with Introduction and Notes (Latin),Marcus Tullius Cicero,https://www.gutenberg.org/ebooks/14945
Social Sciences & Society,Old Age & the Elderly,分甘余話 (Chinese),Shizhen Wang,https://www.gutenberg.org/ebooks/26746
Social Sciences & Society,Old Age & the Elderly,The Prolongation of Life: Optimistic Studies,Elie Metchnikoff,https://www.gutenberg.org/ebooks/51521
Social Sciences & Society,Old Age & the Elderly,Sheila of Big Wreck Cove: A Story of Cape Cod,James A. Cooper,https://www.gutenberg.org/ebooks/14563
Social Sciences & Society,Old Age & the Elderly,Looking toward sunset,,https://www.gutenberg.org/ebooks/69503
Social Sciences & Society,Old Age & the Elderly,"The Memoirs of Jacques Casanova de Seingalt, 1725-1798. Volume 30: Old Age and Death",Giacomo Casanova,https://www.gutenberg.org/ebooks/2980
Social Sciences & Society,Old Age & the Elderly,The Seven Ages of Man,Ralph Bergengren,https://www.gutenberg.org/ebooks/42110
Social Sciences & Society,Old Age & the Elderly,Some Medical Aspects of Old Age,Sir Humphry Davy Rolleston,https://www.gutenberg.org/ebooks/57215
Social Sciences & Society,Old Age & the Elderly,Great Jehoshaphat and Gully Dirt!,Jewell Ellen Smith,https://www.gutenberg.org/ebooks/2357
Social Sciences & Society,Old Age & the Elderly,Madame Claire,Susan Ertz,https://www.gutenberg.org/ebooks/63448
Social Sciences & Society,Old Age & the Elderly,The Splendid Fairing,Constance Holme,https://www.gutenberg.org/ebooks/40545
Social Sciences & Society,Old Age & the Elderly,Discourses on a Sober and Temperate Life,Luigi Cornaro,https://www.gutenberg.org/ebooks/30660
Social Sciences & Society,Old Age & the Elderly,"The old man's guide to health and longer life : With rules for diet, exercise, and physic; for preserving a good constitution, and preventing disorders in a bad one",John Hill,https://www.gutenberg.org/ebooks/70024
Social Sciences & Society,Old Age & the Elderly,The Romance of an Old Fool,Roswell Martin Field,https://www.gutenberg.org/ebooks/20661
Social Sciences & Society,Old Age & the Elderly,Old Age Deferred,Arnold Lorand,https://www.gutenberg.org/ebooks/64237
Social Sciences & Society,Old Age & the Elderly,La chanson des vieux époux (French),Pierre Loti,https://www.gutenberg.org/ebooks/51313
Social Sciences & Society,Old Age & the Elderly,The long road of woman's memory,Jane Addams,https://www.gutenberg.org/ebooks/69234
Social Sciences & Society,Old Age & the Elderly,The Lettsomian Lectures on Diseases and Disorders of the Heart and Arteries in Middle and Advanced Life [1900-1901],J. Mitchell Bruce,https://www.gutenberg.org/ebooks/43780
History,History - Religious,"Woman, Church & State",Matilda Joslyn Gage,https://www.gutenberg.org/ebooks/45580
History,History - Religious,"The God-Idea of the Ancients; Or, Sex in Religion",Eliza Burt Gamble,https://www.gutenberg.org/ebooks/639
History,History - Religious,Doctrina Christiana (Spanish) (Tagalog),,https://www.gutenberg.org/ebooks/16119
History,History - Religious,Bede's Ecclesiastical History of England,Saint the Venerable Bede,https://www.gutenberg.org/ebooks/38326
History,History - Religious,Some Jewish Witnesses For Christ,Aaron Bernstein,https://www.gutenberg.org/ebooks/37734
History,History - Religious,The Underground Railroad from Slavery to Freedom: A comprehensive history,Wilbur Henry Siebert,https://www.gutenberg.org/ebooks/49038
History,History - Religious,"The Philippine Islands, 1493-1898 — Volume 07 of 55",,https://www.gutenberg.org/ebooks/13701
History,History - Religious,The New World of Islam,Lothrop Stoddard,https://www.gutenberg.org/ebooks/24107
History,History - Religious,Crimes of Preachers in the United States and Canada,M. E. Billings,https://www.gutenberg.org/ebooks/57764
History,History - Religious,An Essay on the Development of Christian Doctrine,John Henry Newman,https://www.gutenberg.org/ebooks/35110
History,History - Religious,A History of the Inquisition of Spain; vol. 2,Henry Charles Lea,https://www.gutenberg.org/ebooks/43990
History,History - Religious,"Ang Liham ni Dr. Jose Rizal sa mga Kadalagahan sa Malolos, Bulakan (Tagalog)",José Rizal,https://www.gutenberg.org/ebooks/17116
History,History - Religious,"Observations upon the Prophecies of Daniel, and the Apocalypse of St. John",Isaac Newton,https://www.gutenberg.org/ebooks/16878
History,History - Religious,Fox's Book of Martyrs,John Foxe,https://www.gutenberg.org/ebooks/22400
History,History - Religious,The History of the Inquisition of Spain from the Time of its Establishment to the Reign of Ferdinand VII.,Juan Antonio Llorente,https://www.gutenberg.org/ebooks/38354
History,History - Religious,The inquisition in the Spanish dependencies,Henry Charles Lea,https://www.gutenberg.org/ebooks/68744
History,History - Religious,A History of the Inquisition of Spain; vol. 4,Henry Charles Lea,https://www.gutenberg.org/ebooks/44209
History,History - Religious,The Friars in the Philippines,Ambrose Coleman,https://www.gutenberg.org/ebooks/36438
History,History - Religious,The Apostolic Tradition of Hippolytus,Antipope Hippolytus,https://www.gutenberg.org/ebooks/61614
History,History - Religious,Parish Priests and Their People in the Middle Ages in England,Edward Lewes Cutts,https://www.gutenberg.org/ebooks/42180
Literature,British Literature,A Room with a View,E. M. Forster,https://www.gutenberg.org/ebooks/2641
Literature,British Literature,"Frankenstein; Or, The Modern Prometheus",Mary Wollstonecraft Shelley,https://www.gutenberg.org/ebooks/84
Literature,British Literature,Romeo and Juliet,William Shakespeare,https://www.gutenberg.org/ebooks/1513
Literature,British Literature,The Complete Works of William Shakespeare,William Shakespeare,https://www.gutenberg.org/ebooks/100
Literature,British Literature,The Enchanted April,Elizabeth Von Arnim,https://www.gutenberg.org/ebooks/16389
Literature,British Literature,Cranford,Elizabeth Cleghorn Gaskell,https://www.gutenberg.org/ebooks/394
Literature,British Literature,Middlemarch,George Eliot,https://www.gutenberg.org/ebooks/145
Literature,British Literature,"History of Tom Jones, a Foundling",Henry Fielding,https://www.gutenberg.org/ebooks/6593
Literature,British Literature,Pride and Prejudice,Jane Austen,https://www.gutenberg.org/ebooks/1342
Literature,British Literature,Alice's Adventures in Wonderland,Lewis Carroll,https://www.gutenberg.org/ebooks/11
Literature,British Literature,Emma,Jane Austen,https://www.gutenberg.org/ebooks/158
Literature,British Literature,The Adventures of Ferdinand Count Fathom — Complete,T. Smollett,https://www.gutenberg.org/ebooks/6761
Literature,British Literature,"Right Ho, Jeeves",P. G. Wodehouse,https://www.gutenberg.org/ebooks/10554
Literature,British Literature,The Adventures of Roderick Random,T. Smollett,https://www.gutenberg.org/ebooks/4085
Literature,British Literature,Gulliver's Travels into Several Remote Regions of the World,Jonathan Swift,https://www.gutenberg.org/ebooks/17157
Literature,British Literature,The Picture of Dorian Gray,Oscar Wilde,https://www.gutenberg.org/ebooks/174
Literature,British Literature,The Pickwick Papers,Charles Dickens,https://www.gutenberg.org/ebooks/580
Literature,British Literature,The Wind in the Willows,Kenneth Grahame,https://www.gutenberg.org/ebooks/289
Literature,British Literature,The Lady of the Lake,Walter Scott,https://www.gutenberg.org/ebooks/3011
Literature,British Literature,Three men in a boat (to say nothing of the dog),Jerome K. Jerome,https://www.gutenberg.org/ebooks/308
Education & Reference,Reports & Conference Proceedings,"Forty-Eighth Annual Report of the Bureau of American Ethnology to the Secretary of the Smithsonian Institution, 1930-1931, Government Printing Office, Washington, 1933.",,https://www.gutenberg.org/ebooks/50503
Education & Reference,Reports & Conference Proceedings,"Scientific American, Volume XXIV., No. 12, March 18, 1871",Various,https://www.gutenberg.org/ebooks/19180
Education & Reference,Reports & Conference Proceedings,"The journal of the American-Irish Historical Society, Vol. IX, 1910",Various,https://www.gutenberg.org/ebooks/74979
Education & Reference,Reports & Conference Proceedings,"The American Missionary — Volume 49, No. 03, March, 1895",Various,https://www.gutenberg.org/ebooks/15887
Education & Reference,Reports & Conference Proceedings,Report of the President's Commission on the Assassination of President John F. Kennedy,United States. Warren Commission,https://www.gutenberg.org/ebooks/58031
Education & Reference,Reports & Conference Proceedings,"The Journal of Negro History, Volume 5, 1920",Various,https://www.gutenberg.org/ebooks/23200
Education & Reference,Reports & Conference Proceedings,"The American Missionary — Volume 42, No. 03, March, 1888",Various,https://www.gutenberg.org/ebooks/11764
Education & Reference,Reports & Conference Proceedings,Mason's Norwich General and Commercial Directory & Handbook,R. Hindry Mason,https://www.gutenberg.org/ebooks/62401
Education & Reference,Reports & Conference Proceedings,Northern Nut Growers Association Report of the Proceedings at the 44th Annual Meeting,,https://www.gutenberg.org/ebooks/25703
Education & Reference,Reports & Conference Proceedings,"The journal of the American-Irish Historical Society, Vol. VI, 1906",Various,https://www.gutenberg.org/ebooks/63039
Education & Reference,Reports & Conference Proceedings,"The American Missionary — Volume 32, No. 02, February, 1878",Various,https://www.gutenberg.org/ebooks/53065
Education & Reference,Reports & Conference Proceedings,The Project Gutenberg FAQ 2002,Jim Tinsley,https://www.gutenberg.org/ebooks/9109
Education & Reference,Reports & Conference Proceedings,Forty-Five Years of Digitizing Ebooks: Project Gutenberg's Practices,Gregory B. Newby,https://www.gutenberg.org/ebooks/60600
Education & Reference,Reports & Conference Proceedings,"Anzeiger des Germanischen Nationalmuseums, Jahrgang 1901 (German)",Various,https://www.gutenberg.org/ebooks/51260
Education & Reference,Reports & Conference Proceedings,"The journal of the American-Irish Historical Society, Vol. IV, 1904",Various,https://www.gutenberg.org/ebooks/61687
Education & Reference,Reports & Conference Proceedings,Northern Nut Growers Report of the Proceedings at the Twenty-First Annual Meeting,,https://www.gutenberg.org/ebooks/20032
Education & Reference,Reports & Conference Proceedings,"The American Missionary — Volume 43, No. 05, May, 1889",Various,https://www.gutenberg.org/ebooks/16118
Education & Reference,Reports & Conference Proceedings,"The journal of the American-Irish Historical Society, Vol. V, 1905",Various,https://www.gutenberg.org/ebooks/61037
Education & Reference,Reports & Conference Proceedings,Northern Nut Growers Association Report of the Proceedings at the Thirty-Eighth Annual Meeting,,https://www.gutenberg.org/ebooks/22721
Education & Reference,Reports & Conference Proceedings,"The American Missionary — Volume 50, No. 09, September, 1896",Various,https://www.gutenberg.org/ebooks/25906
Social Sciences & Society,Psychiatry/Psychology,The Evolution of Love,Emil Lucka,https://www.gutenberg.org/ebooks/17699
Social Sciences & Society,Psychiatry/Psychology,The Sound of Silence,Barbara Constant,https://www.gutenberg.org/ebooks/30283
Social Sciences & Society,Psychiatry/Psychology,"Studies in the Psychology of Sex, Volume 1",Havelock Ellis,https://www.gutenberg.org/ebooks/13610
Social Sciences & Society,Psychiatry/Psychology,"Studies in the Psychology of Sex, Volume 2",Havelock Ellis,https://www.gutenberg.org/ebooks/13611
Social Sciences & Society,Psychiatry/Psychology,Sex: Avoided subjects Discussed in Plain English,Henry Stanton,https://www.gutenberg.org/ebooks/23680
Social Sciences & Society,Psychiatry/Psychology,"Studies in the Psychology of Sex, Volume 3",Havelock Ellis,https://www.gutenberg.org/ebooks/13612
Social Sciences & Society,Psychiatry/Psychology,Drei Abhandlungen zur Sexualtheorie (German),Sigmund Freud,https://www.gutenberg.org/ebooks/39938
Social Sciences & Society,Psychiatry/Psychology,"An Essay on Laughter: Its Forms, Its Causes, Its Development and Its Value",James Sully,https://www.gutenberg.org/ebooks/58606
Social Sciences & Society,Psychiatry/Psychology,"Studies in the Psychology of Sex, Volume 4",Havelock Ellis,https://www.gutenberg.org/ebooks/13613
Social Sciences & Society,Psychiatry/Psychology,Three Contributions to the Theory of Sex,Sigmund Freud,https://www.gutenberg.org/ebooks/14969
Social Sciences & Society,Psychiatry/Psychology,Romantic Love and Personal Beauty,Henry T. Finck,https://www.gutenberg.org/ebooks/60054
Social Sciences & Society,Psychiatry/Psychology,Sex and Society: Studies in the Social Psychology of Sex,William Isaac Thomas,https://www.gutenberg.org/ebooks/15015
Social Sciences & Society,Psychiatry/Psychology,The Sexual Life of Our Time in Its Relations to Modern Civilization,Iwan Bloch,https://www.gutenberg.org/ebooks/60968
Social Sciences & Society,Psychiatry/Psychology,The Sex Worship and Symbolism of Primitive Races: An Interpretation,Sanger Brown,https://www.gutenberg.org/ebooks/30750
Social Sciences & Society,Psychiatry/Psychology,Étude Médico-Légale: Psychopathia Sexualis (French),R. von Krafft-Ebing,https://www.gutenberg.org/ebooks/24766
Social Sciences & Society,Psychiatry/Psychology,Psychology of the Unconscious,C. G. Jung,https://www.gutenberg.org/ebooks/65903
Social Sciences & Society,Psychiatry/Psychology,Totem and taboo : Resemblances between the psychic lives of savages and neurotics,Sigmund Freud,https://www.gutenberg.org/ebooks/41214
Social Sciences & Society,Psychiatry/Psychology,"The Principles of Psychology, Volume 1 (of 2)",William James,https://www.gutenberg.org/ebooks/57628
Social Sciences & Society,Psychiatry/Psychology,The Anatomy of Melancholy,Robert Burton,https://www.gutenberg.org/ebooks/10800
Social Sciences & Society,Psychiatry/Psychology,The Interpretation of Dreams,Sigmund Freud,https://www.gutenberg.org/ebooks/66048
Religion & Philosophy,Religion/Spirituality,The Grand Inquisitor,Fyodor Dostoyevsky,https://www.gutenberg.org/ebooks/8578
Religion & Philosophy,Religion/Spirituality,The Confessions of St. Augustine,Bishop of Hippo Saint Augustine,https://www.gutenberg.org/ebooks/3296
Religion & Philosophy,Religion/Spirituality,"The lesser Key of Solomon, Goetia, the book of evil spirits : contains two hundred diagrams and seals for invocation and convocation of spirits, necromancy, witchcraft and black art",,https://www.gutenberg.org/ebooks/72679
Religion & Philosophy,Religion/Spirituality,The Prophet,Kahlil Gibran,https://www.gutenberg.org/ebooks/58585
Religion & Philosophy,Religion/Spirituality,The King James Version of the Bible,,https://www.gutenberg.org/ebooks/10
Religion & Philosophy,Religion/Spirituality,The Pilgrim's Progress from this world to that which is to come,John Bunyan,https://www.gutenberg.org/ebooks/131
Religion & Philosophy,Religion/Spirituality,Phallic Miscellanies,Hargrave Jennings,https://www.gutenberg.org/ebooks/36254
Religion & Philosophy,Religion/Spirituality,"Letters on the equality of the sexes, and the condition of woman",Sarah Grimké,https://www.gutenberg.org/ebooks/69485
Religion & Philosophy,Religion/Spirituality,Paradise Lost,John Milton,https://www.gutenberg.org/ebooks/26
Religion & Philosophy,Religion/Spirituality,Pascal's Pensées,Blaise Pascal,https://www.gutenberg.org/ebooks/18269
Religion & Philosophy,Religion/Spirituality,灵历集光 (Chinese),Shangjie Song,https://www.gutenberg.org/ebooks/25716
Religion & Philosophy,Religion/Spirituality,The Jewish State,Theodor Herzl,https://www.gutenberg.org/ebooks/25282
Religion & Philosophy,Religion/Spirituality,The Antichrist,Friedrich Wilhelm Nietzsche,https://www.gutenberg.org/ebooks/19322
Religion & Philosophy,Religion/Spirituality,"The Doré Bible Gallery, Complete",,https://www.gutenberg.org/ebooks/8710
Religion & Philosophy,Religion/Spirituality,El paraíso perdido (Spanish),John Milton,https://www.gutenberg.org/ebooks/67092
Religion & Philosophy,Religion/Spirituality,"The Song Celestial; Or, Bhagavad-Gîtâ (from the Mahâbhârata)",,https://www.gutenberg.org/ebooks/2388
Religion & Philosophy,Religion/Spirituality,"Bushido, the Soul of Japan",Inazo Nitobe,https://www.gutenberg.org/ebooks/12096
Religion & Philosophy,Religion/Spirituality,The Pursuit of God,A. W. Tozer,https://www.gutenberg.org/ebooks/25141
Religion & Philosophy,Religion/Spirituality,Nature,Ralph Waldo Emerson,https://www.gutenberg.org/ebooks/29433
Religion & Philosophy,Religion/Spirituality,"The Will to Believe, and Other Essays in Popular Philosophy",William James,https://www.gutenberg.org/ebooks/26659
Social Sciences & Society,Law & Criminology,A vocabulary of criminal slang : with some examples of common usages,Louis E. Jackson,https://www.gutenberg.org/ebooks/76632
Social Sciences & Society,Law & Criminology,The Common Law,Oliver Wendell Holmes,https://www.gutenberg.org/ebooks/2449
Social Sciences & Society,Law & Criminology,A collection of Latin maxims and phrases literally translated,John N. Cotterell,https://www.gutenberg.org/ebooks/68465
Social Sciences & Society,Law & Criminology,The Oldest Code of Laws in the World,King of Babylonia Hammurabi,https://www.gutenberg.org/ebooks/17150
Social Sciences & Society,Law & Criminology,Financial Crime and Corruption,Samuel Vaknin,https://www.gutenberg.org/ebooks/22747
Social Sciences & Society,Law & Criminology,The Molly Maguires and the detectives,Allan Pinkerton,https://www.gutenberg.org/ebooks/76641
Social Sciences & Society,Law & Criminology,The Hacker Crackdown: Law and Disorder on the Electronic Frontier,Bruce Sterling,https://www.gutenberg.org/ebooks/101
Social Sciences & Society,Law & Criminology,A History of the Inquisition of Spain; vol. 3,Henry Charles Lea,https://www.gutenberg.org/ebooks/46509
Social Sciences & Society,Law & Criminology,The Institutes of Justinian,,https://www.gutenberg.org/ebooks/5983
Social Sciences & Society,Law & Criminology,"Criminal Psychology: A Manual for Judges, Practitioners, and Students",Hans Gross,https://www.gutenberg.org/ebooks/1320
Social Sciences & Society,Law & Criminology,"Commentaries on the Laws of England, Book the First",Sir William Blackstone,https://www.gutenberg.org/ebooks/30802
Social Sciences & Society,Law & Criminology,The United States Constitution,United States,https://www.gutenberg.org/ebooks/5
Social Sciences & Society,Law & Criminology,"Encyclopaedia Britannica, 11th Edition, ""Greek Law"" to ""Ground-Squirrel""",Various,https://www.gutenberg.org/ebooks/38202
Social Sciences & Society,Law & Criminology,The Principles of Masonic Law,Albert Gallatin Mackey,https://www.gutenberg.org/ebooks/12186
Social Sciences & Society,Law & Criminology,The United States Bill of Rights,United States,https://www.gutenberg.org/ebooks/2
Social Sciences & Society,Law & Criminology,You can't win,Jack Black,https://www.gutenberg.org/ebooks/69404
Social Sciences & Society,Law & Criminology,The Art of Cross-Examination,Francis L. Wellman,https://www.gutenberg.org/ebooks/40781
Social Sciences & Society,Law & Criminology,Ifugao Law,Roy Franklin Barton,https://www.gutenberg.org/ebooks/40807
Social Sciences & Society,Law & Criminology,Resist not evil,Clarence Darrow,https://www.gutenberg.org/ebooks/76531
Social Sciences & Society,Law & Criminology,Psychopathia sexualis: With especial reference to contrary sexual instinct,R. von Krafft-Ebing,https://www.gutenberg.org/ebooks/64931
Health & Medicine,Nutrition,"The ugly-girl papers : or, Hints for the toilet",S. D. Power,https://www.gutenberg.org/ebooks/75279
Health & Medicine,Nutrition,"Scurvy, Past and Present",Alfred F. Hess,https://www.gutenberg.org/ebooks/40505
Health & Medicine,Nutrition,Food and Flavor: A Gastronomic Guide to Health and Good Living,Henry T. Finck,https://www.gutenberg.org/ebooks/61719
Health & Medicine,Nutrition,The Fasting Cure,Upton Sinclair,https://www.gutenberg.org/ebooks/63293
Health & Medicine,Nutrition,A Guide to Health,Mahatma Gandhi,https://www.gutenberg.org/ebooks/40373
Health & Medicine,Nutrition,The Boston cooking-school cook book,Fannie Merritt Farmer,https://www.gutenberg.org/ebooks/65061
Health & Medicine,Nutrition,"Letter on Corpulence, Addressed to the Public",William Banting,https://www.gutenberg.org/ebooks/57545
Health & Medicine,Nutrition,The Care and Feeding of Children,L. Emmett Holt,https://www.gutenberg.org/ebooks/15484
Health & Medicine,Nutrition,Diet and Health; With Key to the Calories,Lulu Hunt Peters,https://www.gutenberg.org/ebooks/15069
Health & Medicine,Nutrition,Science in the Kitchen,E. E. Kellogg,https://www.gutenberg.org/ebooks/12238
Health & Medicine,Nutrition,The Bacillus of Long Life,Loudon M. Douglas,https://www.gutenberg.org/ebooks/31691
Health & Medicine,Nutrition,The Business of Being a Housewife,Leona A. Malek,https://www.gutenberg.org/ebooks/52716
Health & Medicine,Nutrition,The Cook's Oracle; and Housekeeper's Manual,William Kitchiner,https://www.gutenberg.org/ebooks/28681
Health & Medicine,Nutrition,Mrs. Wilson's Cook Book,Mary A. Wilson,https://www.gutenberg.org/ebooks/17438
Health & Medicine,Nutrition,The Food of the Gods,Brandon Head,https://www.gutenberg.org/ebooks/16035
Health & Medicine,Nutrition,The Chemistry of Food and Nutrition,A. W. Duncan,https://www.gutenberg.org/ebooks/15237
Health & Medicine,Nutrition,The Ethics of Diet,Howard Williams,https://www.gutenberg.org/ebooks/55785
Health & Medicine,Nutrition,Foods and Household Management: A Textbook of the Household Arts,Helen Kinne and Anna M. Cooley,https://www.gutenberg.org/ebooks/40796
Health & Medicine,Nutrition,Foods and Their Adulteration,Harvey Washington Wiley,https://www.gutenberg.org/ebooks/66164
Health & Medicine,Nutrition,Human Foods and Their Nutritive Value,Harry Snyder,https://www.gutenberg.org/ebooks/20871
Literature,Literature - Other,中國小說史略 (Chinese),Xun Lu,https://www.gutenberg.org/ebooks/25559
Literature,Literature - Other,The Supernatural in Modern English Fiction,Dorothy Scarborough,https://www.gutenberg.org/ebooks/47204
Literature,Literature - Other,Gleanings from the Harvest-Fields of Literature: A Melange of Excerpta,,https://www.gutenberg.org/ebooks/56805
Literature,Literature - Other,The Sacred Wood: Essays on Poetry and Criticism,T. S. Eliot,https://www.gutenberg.org/ebooks/57795
Literature,Literature - Other,Anglo-Saxon Literature,John Earle,https://www.gutenberg.org/ebooks/17101
Literature,Literature - Other,"Guide to Life and Literature of the Southwest, with a Few Observations",J. Frank Dobie,https://www.gutenberg.org/ebooks/314
Literature,Literature - Other,"Curiosities of Literature, Vol. 3",Isaac Disraeli,https://www.gutenberg.org/ebooks/31078
Literature,Literature - Other,"Notes and Queries, Number 23, April 6, 1850",Various,https://www.gutenberg.org/ebooks/12505
Literature,Literature - Other,Azul... (Spanish),Rubén Darío,https://www.gutenberg.org/ebooks/52894
Literature,Literature - Other,"Turkish Literature; Comprising Fables, Belles-lettres, and Sacred Traditions",,https://www.gutenberg.org/ebooks/56464
Literature,Literature - Other,Home Life of Great Authors,Hattie Tyng Griswold,https://www.gutenberg.org/ebooks/31133
Literature,Literature - Other,文心雕龍 (Chinese),Xie Liu,https://www.gutenberg.org/ebooks/23822
Literature,Literature - Other,The Development of the Feeling for Nature in the Middle Ages and Modern Times,Alfred Biese,https://www.gutenberg.org/ebooks/13814
Literature,Literature - Other,"Notes and Queries, Number 235, April 29, 1854",Various,https://www.gutenberg.org/ebooks/31359
Literature,Literature - Other,The Bed-Book of Happiness,Harold Begbie,https://www.gutenberg.org/ebooks/13457
Literature,Literature - Other,Obras escogidas (Spanish),Gustavo Adolfo Bécquer,https://www.gutenberg.org/ebooks/53552
Literature,Literature - Other,"Notes and Queries, Vol. III, Number 86, June 21, 1851",Various,https://www.gutenberg.org/ebooks/37496
Literature,Literature - Other,La mirabile visione: Abbozzo d'una storia della Divina Comedia (Italian),Giovanni Pascoli,https://www.gutenberg.org/ebooks/46082
Literature,Literature - Other,"Notes and Queries, Number 137, June 12, 1852",Various,https://www.gutenberg.org/ebooks/42039
Literature,Literature - Other,Critical Studies,Ouida,https://www.gutenberg.org/ebooks/36788
History,Archaeology & Anthropology,Omnilingual,H. Beam Piper,https://www.gutenberg.org/ebooks/19445
History,Archaeology & Anthropology,Sexual Life of Primitive People,Hans Fehlinger,https://www.gutenberg.org/ebooks/58475
History,Archaeology & Anthropology,The Position of Woman in Primitive Society: A Study of the Matriarchy,C. Gasquoine Hartley,https://www.gutenberg.org/ebooks/31500
History,Archaeology & Anthropology,Myths of the Cherokee,James Mooney,https://www.gutenberg.org/ebooks/45634
History,Archaeology & Anthropology,Omens and Superstitions of Southern India,Edgar Thurston,https://www.gutenberg.org/ebooks/35690
History,Archaeology & Anthropology,Demonology and Devil-lore,Moncure Daniel Conway,https://www.gutenberg.org/ebooks/40686
History,Archaeology & Anthropology,"The Natural History of Pliny, Volume 1 (of 6)",the Elder Pliny,https://www.gutenberg.org/ebooks/57493
History,Archaeology & Anthropology,The Golden Bough: A Study of Magic and Religion,James George Frazer,https://www.gutenberg.org/ebooks/3623
History,Archaeology & Anthropology,Malay Magic,Walter William Skeat,https://www.gutenberg.org/ebooks/47873
History,Archaeology & Anthropology,The Fairy-Faith in Celtic Countries,W. Y. Evans-Wentz,https://www.gutenberg.org/ebooks/34853
History,Archaeology & Anthropology,"Travels in the Central Parts of Indo-China (Siam), Cambodia, and Laos (Vol. 1 of 2)",Henri Mouhot,https://www.gutenberg.org/ebooks/46559
History,Archaeology & Anthropology,Argonauts of the Western Pacific,Bronislaw Malinowski,https://www.gutenberg.org/ebooks/55822
History,Archaeology & Anthropology,Gypsy Sorcery and Fortune Telling,Charles Godfrey Leland,https://www.gutenberg.org/ebooks/58465
History,Archaeology & Anthropology,An Illustrated Dictionary of Words used in Art and Archaeology,John W. Mollett,https://www.gutenberg.org/ebooks/67629
History,Archaeology & Anthropology,An Account of Egypt,Herodotus,https://www.gutenberg.org/ebooks/2131
History,Archaeology & Anthropology,"The Tribes and Castes of the Central Provinces of India, Volume 1",R. V. Russell,https://www.gutenberg.org/ebooks/20583
History,Archaeology & Anthropology,"The passing of the great race; or, The racial basis of European history",Madison Grant,https://www.gutenberg.org/ebooks/68185
History,Archaeology & Anthropology,The Golden Bough: A Study in Comparative Religion (Vol. 1 of 2),James George Frazer,https://www.gutenberg.org/ebooks/41082
History,Archaeology & Anthropology,The Inhabitants of the Philippines,Frederic H. Sawyer,https://www.gutenberg.org/ebooks/38081
History,Archaeology & Anthropology,History of the Spanish Conquest of Yucatan and of the Itzas,Philip Ainsworth Means,https://www.gutenberg.org/ebooks/33231
Social Sciences & Society,Gender & Sexuality Studies,Herland,Charlotte Perkins Gilman,https://www.gutenberg.org/ebooks/32
Social Sciences & Society,Gender & Sexuality Studies,Love Potions Through the Ages: A Study of Amatory Devices and Mores,Harry E. Wedeck,https://www.gutenberg.org/ebooks/63577
Social Sciences & Society,Gender & Sexuality Studies,Japanese Girls and Women,Alice Mabel Bacon,https://www.gutenberg.org/ebooks/32449
Social Sciences & Society,Gender & Sexuality Studies,"History of Woman Suffrage, Volume I",,https://www.gutenberg.org/ebooks/28020
Social Sciences & Society,Gender & Sexuality Studies,Woman in Science,J. A. Zahm,https://www.gutenberg.org/ebooks/34912
Social Sciences & Society,Gender & Sexuality Studies,What a Young Woman Ought to Know,Mary Wood-Allen,https://www.gutenberg.org/ebooks/28458
Social Sciences & Society,Gender & Sexuality Studies,"History of Woman Suffrage, Volume III",,https://www.gutenberg.org/ebooks/28556
Social Sciences & Society,Gender & Sexuality Studies,"The History of Woman Suffrage, Volume IV",,https://www.gutenberg.org/ebooks/29870
Social Sciences & Society,Gender & Sexuality Studies,Mrs. Warren's Daughter: A Story of the Woman's Movement,Harry Johnston,https://www.gutenberg.org/ebooks/15380
Social Sciences & Society,Gender & Sexuality Studies,Woman under socialism,August Bebel,https://www.gutenberg.org/ebooks/30646
Social Sciences & Society,Gender & Sexuality Studies,Sex & Character,Otto Weininger,https://www.gutenberg.org/ebooks/61729
Social Sciences & Society,Gender & Sexuality Studies,The Queen's Daughters in India,Katharine C. Bushnell and Elizabeth W. Andrew,https://www.gutenberg.org/ebooks/47288
Social Sciences & Society,Gender & Sexuality Studies,Eighty Years and More; Reminiscences 1815-1897,Elizabeth Cady Stanton,https://www.gutenberg.org/ebooks/11982
Social Sciences & Society,Gender & Sexuality Studies,The well of loneliness,Radclyffe Hall,https://www.gutenberg.org/ebooks/73042
Social Sciences & Society,Gender & Sexuality Studies,Working Women of Japan,Sidney Lewis Gulick,https://www.gutenberg.org/ebooks/35511
Social Sciences & Society,Gender & Sexuality Studies,My own story,Emmeline Pankhurst,https://www.gutenberg.org/ebooks/34856
Social Sciences & Society,Gender & Sexuality Studies,Woman,William J. Robinson,https://www.gutenberg.org/ebooks/21840
Social Sciences & Society,Gender & Sexuality Studies,Are Women People? A Book of Rhymes for Suffrage Times,Alice Duer Miller,https://www.gutenberg.org/ebooks/11689
Social Sciences & Society,Gender & Sexuality Studies,A Short History of Women's Rights,Eugene A. Hecker,https://www.gutenberg.org/ebooks/11672
Social Sciences & Society,Gender & Sexuality Studies,"Samantha Among the Brethren, Complete",Marietta Holley,https://www.gutenberg.org/ebooks/9450
Literature,Novels,The Blue Castle: a novel,L. M. Montgomery,https://www.gutenberg.org/ebooks/67979
Literature,Novels,Twenty years after,Alexandre Dumas and Auguste Maquet,https://www.gutenberg.org/ebooks/1259
Literature,Novels,A Journey to the Centre of the Earth,Jules Verne,https://www.gutenberg.org/ebooks/18857
Literature,Novels,The Satyricon — Complete,Petronius Arbiter,https://www.gutenberg.org/ebooks/5225
Literature,Novels,The Brothers Karamazov,Fyodor Dostoyevsky,https://www.gutenberg.org/ebooks/28054
Literature,Novels,The Sky Trap,Frank Belknap Long,https://www.gutenberg.org/ebooks/24151
Literature,Novels,Lady Chatterley's lover,D. H. Lawrence,https://www.gutenberg.org/ebooks/73144
Literature,Novels,"Frankenstein; Or, The Modern Prometheus",Mary Wollstonecraft Shelley,https://www.gutenberg.org/ebooks/41445
Literature,Novels,Les misérables Tome I: Fantine (French),Victor Hugo,https://www.gutenberg.org/ebooks/17489
Literature,Novels,David Copperfield,Charles Dickens,https://www.gutenberg.org/ebooks/766
Literature,Novels,The Count of Monte Cristo,Alexandre Dumas and Auguste Maquet,https://www.gutenberg.org/ebooks/1184
Literature,Novels,Jane Eyre: An Autobiography,Charlotte Brontë,https://www.gutenberg.org/ebooks/1260
Literature,Novels,The Time Machine,H. G. Wells,https://www.gutenberg.org/ebooks/35
Literature,Novels,The Life and Adventures of Robinson Crusoe,Daniel Defoe,https://www.gutenberg.org/ebooks/521
Literature,Novels,Memoirs of Fanny Hill,John Cleland,https://www.gutenberg.org/ebooks/25305
Literature,Novels,Noli Me Tangere (Tagalog),José Rizal,https://www.gutenberg.org/ebooks/20228
Literature,Novels,The Idiot,Fyodor Dostoyevsky,https://www.gutenberg.org/ebooks/2638
Literature,Novels,War and Peace,graf Leo Tolstoy,https://www.gutenberg.org/ebooks/2600
Literature,Novels,Là-bas,J.-K. Huysmans,https://www.gutenberg.org/ebooks/14323
Literature,Novels,The Vibration Wasps,Frank Belknap Long,https://www.gutenberg.org/ebooks/64820
Literature,Classics of Literature,The Imaginary Invalid,Molière,https://www.gutenberg.org/ebooks/9070
Literature,Classics of Literature,A Doll's House : a play,Henrik Ibsen,https://www.gutenberg.org/ebooks/2542
Literature,Classics of Literature,Twenty Thousand Leagues under the Sea,Jules Verne,https://www.gutenberg.org/ebooks/164
Literature,Classics of Literature,A Tale of Two Cities,Charles Dickens,https://www.gutenberg.org/ebooks/98
Literature,Classics of Literature,The Iliad,Homer,https://www.gutenberg.org/ebooks/6130
Literature,Classics of Literature,The Prince and the Pauper,Mark Twain,https://www.gutenberg.org/ebooks/1837
Literature,Classics of Literature,Oedipus King of Thebes,Sophocles,https://www.gutenberg.org/ebooks/27673
Literature,Classics of Literature,"Fables of La Fontaine — a New Edition, with Notes",Jean de La Fontaine,https://www.gutenberg.org/ebooks/7241
Literature,Classics of Literature,Around the World in Eighty Days,Jules Verne,https://www.gutenberg.org/ebooks/103
Literature,Classics of Literature,Vanity Fair,William Makepeace Thackeray,https://www.gutenberg.org/ebooks/599
Literature,Classics of Literature,Beowulf: An Anglo-Saxon Epic Poem,,https://www.gutenberg.org/ebooks/16328
Literature,Classics of Literature,Ulysses,James Joyce,https://www.gutenberg.org/ebooks/4300
Literature,Classics of Literature,"Hamlet, Prince of Denmark",William Shakespeare,https://www.gutenberg.org/ebooks/27761
Literature,Classics of Literature,Peter Pan,J. M. Barrie,https://www.gutenberg.org/ebooks/16
Literature,Classics of Literature,A Christmas Carol,Charles Dickens,https://www.gutenberg.org/ebooks/24022
Literature,Classics of Literature,Northanger Abbey,Jane Austen,https://www.gutenberg.org/ebooks/121
Literature,Classics of Literature,"The Awakening, and Selected Short Stories",Kate Chopin,https://www.gutenberg.org/ebooks/160
Literature,Classics of Literature,"Frankenstein; Or, The Modern Prometheus",Mary Wollstonecraft Shelley,https://www.gutenberg.org/ebooks/42324
Literature,Classics of Literature,"The life and opinions of Tristram Shandy, gentleman",Laurence Sterne,https://www.gutenberg.org/ebooks/1079
Literature,Classics of Literature,The War of the Worlds,H. G. Wells,https://www.gutenberg.org/ebooks/36
Literature,Biographies,Lives of Fair and Gallant Ladies. Vol 1,Pierre de Bourdeille Brantôme,https://www.gutenberg.org/ebooks/67025
Literature,Biographies,Meditations,Emperor of Rome Marcus Aurelius,https://www.gutenberg.org/ebooks/2680
Literature,Biographies,"Narrative of the Life of Frederick Douglass, an American Slave",Frederick Douglass,https://www.gutenberg.org/ebooks/23
Literature,Biographies,"My Life and Loves, Vol. 1 (of 4)",Frank Harris,https://www.gutenberg.org/ebooks/59827
Literature,Biographies,Reminiscences of a Stock Operator,Edwin Lefevre,https://www.gutenberg.org/ebooks/60979
Literature,Biographies,Emily Brontë,A. Mary F. Robinson,https://www.gutenberg.org/ebooks/25789
Literature,Biographies,The Love Letters of Mary Wollstonecraft to Gilbert Imlay,Mary Wollstonecraft,https://www.gutenberg.org/ebooks/34413
Literature,Biographies,The Romance of Biography (Vol 1 of 2),Mrs. Jameson,https://www.gutenberg.org/ebooks/35382
Literature,Biographies,Memoirs of the Author of a Vindication of the Rights of Woman,William Godwin,https://www.gutenberg.org/ebooks/16199
Literature,Biographies,Autobiography of Benjamin Franklin,Benjamin Franklin,https://www.gutenberg.org/ebooks/20203
Literature,Biographies,The Waterloo Roll Call,Charles Dalton,https://www.gutenberg.org/ebooks/51143
Literature,Biographies,More Letters of Charles Darwin — Volume 1,Charles Darwin,https://www.gutenberg.org/ebooks/2739
Literature,Biographies,"The Interesting Narrative of the Life of Olaudah Equiano, Or Gustavus Vassa, The African",Olaudah Equiano,https://www.gutenberg.org/ebooks/15399
Literature,Biographies,Shakespeare's family,C. C. Stopes,https://www.gutenberg.org/ebooks/26315
Literature,Biographies,Ecce Homo,Friedrich Wilhelm Nietzsche,https://www.gutenberg.org/ebooks/52190
Literature,Biographies,Harriet Martineau,Florence Fenwick Miller,https://www.gutenberg.org/ebooks/36965
Literature,Biographies,Life on the Mississippi,Mark Twain,https://www.gutenberg.org/ebooks/245
Literature,Biographies,"Pen-portraits of literary women : by themselves and others, Volume 2 (of 2)",,https://www.gutenberg.org/ebooks/70200
Literature,Biographies,A Pickle for the Knowing Ones,Timothy Dexter,https://www.gutenberg.org/ebooks/43453
Literature,Biographies,Life and Letters of Charles Darwin — Volume 1,Charles Darwin,https://www.gutenberg.org/ebooks/2087
Science & Technology,Science - Earth/Agricultural/Farming,The Voyage of the Beagle,Charles Darwin,https://www.gutenberg.org/ebooks/944
Science & Technology,Science - Earth/Agricultural/Farming,Round the year with the stars,Garrett Putman Serviss,https://www.gutenberg.org/ebooks/68391
Science & Technology,Science - Earth/Agricultural/Farming,A Treatise on Meteorological Instruments,Enrico Angelo Lodovico Negretti and Joseph Zambra,https://www.gutenberg.org/ebooks/36457
Science & Technology,Science - Earth/Agricultural/Farming,Canyons of the Colorado,John Wesley Powell,https://www.gutenberg.org/ebooks/8082
Science & Technology,Science - Earth/Agricultural/Farming,Views of nature: or Contemplations on the sublime phenomena of creation,Alexander von Humboldt,https://www.gutenberg.org/ebooks/67684
Science & Technology,Science - Earth/Agricultural/Farming,"The Natural History of Pliny, Volume 4 (of 6)",the Elder Pliny,https://www.gutenberg.org/ebooks/61113
Science & Technology,Science - Earth/Agricultural/Farming,The Home of the Blizzard,Sir Douglas Mawson,https://www.gutenberg.org/ebooks/6137
Science & Technology,Science - Earth/Agricultural/Farming,The Book of the Damned,Charles Fort,https://www.gutenberg.org/ebooks/22472
Science & Technology,Science - Earth/Agricultural/Farming,"The Andes and the Amazon; Or, Across the Continent of South America",James Orton,https://www.gutenberg.org/ebooks/19209
Science & Technology,Science - Earth/Agricultural/Farming,One Hundred Proofs That the Earth Is Not a Globe,William Carpenter,https://www.gutenberg.org/ebooks/55387
Science & Technology,Science - Earth/Agricultural/Farming,Domestic Animals,Richard Lamb Allen,https://www.gutenberg.org/ebooks/34175
Science & Technology,Science - Earth/Agricultural/Farming,Three textile raw materials and their manufacture,International Acceptance Bank,https://www.gutenberg.org/ebooks/71158
Science & Technology,Science - Earth/Agricultural/Farming,"Scientific American, Volume 40, No. 13, March 29, 1879",Various,https://www.gutenberg.org/ebooks/18866
Science & Technology,Science - Earth/Agricultural/Farming,The Eruption of Vesuvius in 1872,Luigi Palmieri,https://www.gutenberg.org/ebooks/33483
Science & Technology,Science - Earth/Agricultural/Farming,The Preparation of Illustrations for Reports of the United States Geological Survey,John L. Ridgway,https://www.gutenberg.org/ebooks/43232
Science & Technology,Science - Earth/Agricultural/Farming,"Encyclopaedia Britannica, 11th Edition, ""Magnetite"" to ""Malt""",Various,https://www.gutenberg.org/ebooks/42854
Science & Technology,Science - Earth/Agricultural/Farming,Catalogue of Economic Plants in the Collection of the U. S. Department of Agriculture,William Saunders,https://www.gutenberg.org/ebooks/24402
Science & Technology,Science - Earth/Agricultural/Farming,The Commercial Products of the Vegetable Kingdom,P. L. Simmonds,https://www.gutenberg.org/ebooks/15191
Science & Technology,Science - Earth/Agricultural/Farming,The World of Flying Saucers: A Scientific Examination of a Major Myth of the Space Age,Donald H. Menzel and Lyle Gifford Boyd,https://www.gutenberg.org/ebooks/66639
Science & Technology,Science - Earth/Agricultural/Farming,Agriculture for Beginners,"Charles William Burkett, Frank Lincoln Stevens, and Daniel Harvey Hill",https://www.gutenberg.org/ebooks/20772
History,History - Royalty,"Encyclopaedia Britannica, 11th Edition, ""Lord Chamberlain"" to ""Luqman""",Various,https://www.gutenberg.org/ebooks/43427
History,History - Royalty,"Memoirs of the Court of Marie Antoinette, Queen of France, Complete",Mme. Campan,https://www.gutenberg.org/ebooks/3891
History,History - Royalty,The French Revolution: A History,Thomas Carlyle,https://www.gutenberg.org/ebooks/1301
History,History - Royalty,Memoirs of Louis XIV and His Court and of the Regency — Complete,duc de Louis de Rouvroy Saint-Simon,https://www.gutenberg.org/ebooks/3875
History,History - Royalty,"The letters of Queen Victoria, vol. 1, 1837-1843 : A selection from Her Majesty's correspondence between the years 1837 and 1861.",Queen of Great Britain Victoria,https://www.gutenberg.org/ebooks/20023
History,History - Royalty,Princes and Poisoners: Studies of the Court of Louis XIV,Frantz Funck-Brentano,https://www.gutenberg.org/ebooks/43238
History,History - Royalty,The Aristocracy of London: Part I: Kensington,Anonymous,https://www.gutenberg.org/ebooks/42385
History,History - Royalty,"Elizabeth, Empress of Austria and Queen of Hungary",Carl Küchler,https://www.gutenberg.org/ebooks/60408
History,History - Royalty,"Life of Napoleon Bonaparte, Volume II.",Walter Scott,https://www.gutenberg.org/ebooks/48838
History,History - Royalty,Alfred the Great : containing chapters on his life and times,,https://www.gutenberg.org/ebooks/76551
History,History - Royalty,London and the Kingdom - Volume 2,Reginald R. Sharpe,https://www.gutenberg.org/ebooks/20990
History,History - Royalty,"Charles the Bold, Last Duke of Burgundy, 1433-1477",Ruth Putnam,https://www.gutenberg.org/ebooks/14496
History,History - Royalty,"The Modern Regime, Volume 1",Hippolyte Taine,https://www.gutenberg.org/ebooks/2581
History,History - Royalty,宋史 (Chinese),Tuotuo,https://www.gutenberg.org/ebooks/24183
History,History - Royalty,"A Popular History of France from the Earliest Times, Volume 4",François Guizot,https://www.gutenberg.org/ebooks/11954
History,History - Royalty,King and commonwealth : A history of Charles I. and the great rebellion,J. Surtees Phillpotts and Bertha Meriton Gardiner,https://www.gutenberg.org/ebooks/76676
History,History - Royalty,The History of the Prince of Wales' Civil Service Rifles,Anonymous,https://www.gutenberg.org/ebooks/51387
History,History - Royalty,The Love Letters of Henry VIII to Anne Boleyn; With Notes,King of England Henry VIII,https://www.gutenberg.org/ebooks/32155
History,History - Royalty,The Life of King Edward VII,J. Castell Hopkins,https://www.gutenberg.org/ebooks/25112
History,History - Royalty,My life in Sarawak,Lady Margaret Brooke,https://www.gutenberg.org/ebooks/76658
Social Sciences & Society,Politics,The Prince,Niccolò Machiavelli,https://www.gutenberg.org/ebooks/1232
Social Sciences & Society,Politics,"Society in America, Volume 1 (of 2)",Harriet Martineau,https://www.gutenberg.org/ebooks/52621
Social Sciences & Society,Politics,Second Treatise of Government,John Locke,https://www.gutenberg.org/ebooks/7370
Social Sciences & Society,Politics,The Social Contract & Discourses,Jean-Jacques Rousseau,https://www.gutenberg.org/ebooks/46333
Social Sciences & Society,Politics,The Economic Consequences of the Peace,John Maynard Keynes,https://www.gutenberg.org/ebooks/15776
Social Sciences & Society,Politics,The intelligent woman's guide to socialism and capitalism,Bernard Shaw,https://www.gutenberg.org/ebooks/75859
Social Sciences & Society,Politics,Labour policy—false and true : A study in economic history and industrial economics,Lynden Livingston Macassey,https://www.gutenberg.org/ebooks/70243
Social Sciences & Society,Politics,Democracy in America — Volume 1,Alexis de Tocqueville,https://www.gutenberg.org/ebooks/815
Social Sciences & Society,Politics,The Communist Manifesto,Karl Marx and Friedrich Engels,https://www.gutenberg.org/ebooks/61
Social Sciences & Society,Politics,The Philippines a Century Hence,José Rizal,https://www.gutenberg.org/ebooks/35899
Social Sciences & Society,Politics,Common Sense,Thomas Paine,https://www.gutenberg.org/ebooks/147
Social Sciences & Society,Politics,The Federalist Papers,"Alexander Hamilton, James Madison, and John Jay",https://www.gutenberg.org/ebooks/1404
Social Sciences & Society,Politics,The Red Record,Ida B. Wells-Barnett,https://www.gutenberg.org/ebooks/14977
Social Sciences & Society,Politics,Democracy in America — Volume 2,Alexis de Tocqueville,https://www.gutenberg.org/ebooks/816
Social Sciences & Society,Politics,The Declaration of Independence of the United States of America,Thomas Jefferson,https://www.gutenberg.org/ebooks/1
Social Sciences & Society,Politics,John F. Kennedy's Inaugural Address,John F. Kennedy,https://www.gutenberg.org/ebooks/3
Social Sciences & Society,Politics,On the Duty of Civil Disobedience,Henry David Thoreau,https://www.gutenberg.org/ebooks/71
Social Sciences & Society,Politics,Politics: A Treatise on Government,Aristotle,https://www.gutenberg.org/ebooks/6762
Social Sciences & Society,Politics,The Prince,Niccolò Machiavelli,https://www.gutenberg.org/ebooks/57037
Social Sciences & Society,Politics,"The Works of the Right Honourable Edmund Burke, Vol. 01 (of 12)",Edmund Burke,https://www.gutenberg.org/ebooks/15043
Education & Reference,Journals,"Notes and Queries, Vol. IV, Number 97, September 6, 1851",Various,https://www.gutenberg.org/ebooks/38433
Education & Reference,Journals,Lucifer: A Theosophical Magazine. Volume I. September 1887-February 1888.,Various,https://www.gutenberg.org/ebooks/60852
Education & Reference,Journals,"The penny magazine of the Society for the Diffusion of Useful Knowledge, issue 1, March 31, 1832",,https://www.gutenberg.org/ebooks/76548
Education & Reference,Journals,"The International Monthly, Volume 3, No. 2, May, 1851",Various,https://www.gutenberg.org/ebooks/29246
Education & Reference,Journals,"Current History, Vol. VIII, No. 3, June 1918",Various,https://www.gutenberg.org/ebooks/41479
Education & Reference,Journals,"The Atlantic Monthly, Volume 17, No. 101, March, 1866",Various,https://www.gutenberg.org/ebooks/21288
Education & Reference,Journals,"The penny magazine of the Society for the Diffusion of Useful Knowledge, issue 2, April 7, 1832",,https://www.gutenberg.org/ebooks/76590
Education & Reference,Journals,"The Knickerbocker, or New-York Monthly Magazine, February 1844",Various,https://www.gutenberg.org/ebooks/19542
Education & Reference,Journals,Anzeiger für Kunde der deutschen Vorzeit (1868) (German),Various,https://www.gutenberg.org/ebooks/52856
Education & Reference,Journals,"The International Monthly, Volume 3, No. 1, April, 1851",Various,https://www.gutenberg.org/ebooks/25325
Education & Reference,Journals,"The journal of the American-Irish Historical Society, Vol. VIII, 1909",Various,https://www.gutenberg.org/ebooks/74099
Education & Reference,Journals,The Burlington magazine : for connoisseurs. vol. II—June to August,,https://www.gutenberg.org/ebooks/70374
Education & Reference,Journals,"Scientific American, Volume XXXVI., No. 8, February 24, 1877",Various,https://www.gutenberg.org/ebooks/19406
Education & Reference,Journals,"The penny magazine of the Society for the Diffusion of Useful Knowledge, issue 3, April 14, 1832",,https://www.gutenberg.org/ebooks/76670
Education & Reference,Journals,"The Atlantic Monthly, Volume 16, No. 97, November, 1865",Various,https://www.gutenberg.org/ebooks/20088
Education & Reference,Journals,"The Stars and Stripes, Vol. 1, No. 1, February 8, 1918",United States. Army. American Expeditionary Forces,https://www.gutenberg.org/ebooks/25085
Education & Reference,Journals,"The International Monthly, Volume 4, No. 3, October, 1851",Various,https://www.gutenberg.org/ebooks/36564
Education & Reference,Journals,"The International Monthly, Volume 2, No. 1, December, 1850",Various,https://www.gutenberg.org/ebooks/37872
Education & Reference,Journals,"Harper's New Monthly Magazine, Vol III, No 13, 1851",Various,https://www.gutenberg.org/ebooks/38787
Education & Reference,Journals,"Anzeiger für Kunde der deutschen Vorzeit (Jg. 26, 1879) (German)",Various,https://www.gutenberg.org/ebooks/49501
Arts & Culture,Fashion,Women's Bathing and Swimming Costume in the United States,Claudia Brush Kidwell,https://www.gutenberg.org/ebooks/37586
Arts & Culture,Fashion,A dictionary of men's wear,William Henry Baker,https://www.gutenberg.org/ebooks/76299
Arts & Culture,Fashion,"Manners, Customs, and Dress During the Middle Ages and During the Renaissance Period",P. L. Jacob,https://www.gutenberg.org/ebooks/10940
Arts & Culture,Fashion,"Self-instructor in the art of hair work, dressing hair, making curls, switches, braids, and hair jewelry of every description.",Mark Campbell,https://www.gutenberg.org/ebooks/38658
Arts & Culture,Fashion,Paris and the Parisians in 1835 (Vol. 2),Frances Milton Trollope,https://www.gutenberg.org/ebooks/39710
Arts & Culture,Fashion,Origin and Early History of the Fashion Plate,J. L. Nevinson,https://www.gutenberg.org/ebooks/34472
Arts & Culture,Fashion,Needlework Economies: A Book of Mending and Making with Oddments and Scraps,,https://www.gutenberg.org/ebooks/48050
Arts & Culture,Fashion,Textiles and Clothing,Kate Heintz Watson,https://www.gutenberg.org/ebooks/21534
Arts & Culture,Fashion,"Two Centuries of Costume in America, Volume 1 (1620-1820)",Alice Morse Earle,https://www.gutenberg.org/ebooks/10115
Arts & Culture,Fashion,"Germany from the Earliest Period, Volume 4",Wolfgang Menzel,https://www.gutenberg.org/ebooks/8401
Arts & Culture,Fashion,"Godey's Lady's Book, Vol. 48, No. XVIII, April, 1854",Various,https://www.gutenberg.org/ebooks/58494
Arts & Culture,Fashion,The American Gentleman's Guide to Politeness and Fashion,Margaret C. Conkling,https://www.gutenberg.org/ebooks/39005
Arts & Culture,Fashion,Textile Fabrics,Daniel Rock,https://www.gutenberg.org/ebooks/66172
Arts & Culture,Fashion,The Evolution of Fashion,Florence Mary Gardiner,https://www.gutenberg.org/ebooks/34845
Arts & Culture,Fashion,Woman as Decoration,Emily Burbank,https://www.gutenberg.org/ebooks/18901
Arts & Culture,Fashion,Chats on Costume,G. Woolliscroft Rhead,https://www.gutenberg.org/ebooks/46949
Arts & Culture,Fashion,English Costume,Dion Clayton Calthrop,https://www.gutenberg.org/ebooks/33020
Arts & Culture,Fashion,The Mirror of the Graces,active 19th century Lady of distinction,https://www.gutenberg.org/ebooks/67790
Arts & Culture,Fashion,The corset and the crinoline : A book of modes and costumes from remote periods to the present time,William Barry Lord,https://www.gutenberg.org/ebooks/53267
Arts & Culture,Fashion,Dress design : an account of costume for artists & dressmakers,Talbot Hughes,https://www.gutenberg.org/ebooks/34903
History,History - Other,"The History of Cuba, vol. 4",Willis Fletcher Johnson,https://www.gutenberg.org/ebooks/33848
History,History - Other,"The History of Cuba, vol. 5",Willis Fletcher Johnson,https://www.gutenberg.org/ebooks/41267
History,History - Other,Beautiful Philippines: A Handbook of General Information,Philippine Islands. Commission of Independence,https://www.gutenberg.org/ebooks/61774
History,History - Other,"Historia Amoris: A History of Love, Ancient and Modern",Edgar Saltus,https://www.gutenberg.org/ebooks/32512
History,History - Other,Indian Currency and Finance,John Maynard Keynes,https://www.gutenberg.org/ebooks/49166
History,History - Other,A Complete Guide to Heraldry,Arthur Charles Fox-Davies,https://www.gutenberg.org/ebooks/41617
History,History - Other,Die Frauenfrage: ihre geschichtliche Entwicklung und wirtschaftliche Seite (German),Lily Braun,https://www.gutenberg.org/ebooks/14075
History,History - Other,"Notes and Queries, Number 82, May 24, 1851",Various,https://www.gutenberg.org/ebooks/28311
History,History - Other,A History of the Philippines,David P. Barrows,https://www.gutenberg.org/ebooks/38269
History,History - Other,"On Heroes, Hero-Worship, and the Heroic in History",Thomas Carlyle,https://www.gutenberg.org/ebooks/1091
History,History - Other,"The Philippine Islands, 1493-1898, Volume 33, 1519-1522",Antonio Pigafetta,https://www.gutenberg.org/ebooks/42884
History,History - Other,Rizal's own story of his life,José Rizal,https://www.gutenberg.org/ebooks/48438
History,History - Other,Geographical etymology: a dictionary of place-names giving their derivations,Christina Blackie,https://www.gutenberg.org/ebooks/69018
History,History - Other,A History of Norwegian Immigration to the United States,George T. Flom,https://www.gutenberg.org/ebooks/46681
History,History - Other,The Glories of Ireland,,https://www.gutenberg.org/ebooks/12111
History,History - Other,All About Coffee,William H. Ukers,https://www.gutenberg.org/ebooks/28500
History,History - Other,A Short History of the World,H. G. Wells,https://www.gutenberg.org/ebooks/35461
History,History - Other,Memoirs of Extraordinary Popular Delusions and the Madness of Crowds,Charles Mackay,https://www.gutenberg.org/ebooks/24518
History,History - Other,The American Occupation of the Philippines 1898-1912,James H. Blount,https://www.gutenberg.org/ebooks/36542
History,History - Other,"The history of magic : including a clear and precise exposition of its procedure, its rites and its mysteries",Éliphas Lévi,https://www.gutenberg.org/ebooks/70033
Lifestyle & Hobbies,Sports/Hobbies,Chess Fundamentals,José Raúl Capablanca,https://www.gutenberg.org/ebooks/33870
Lifestyle & Hobbies,Sports/Hobbies,Mr. Punch's Golf Stories,,https://www.gutenberg.org/ebooks/38683
Lifestyle & Hobbies,Sports/Hobbies,Boy Scouts Handbook,Boy Scouts of America,https://www.gutenberg.org/ebooks/29558
Lifestyle & Hobbies,Sports/Hobbies,"The Boy Mechanic, Volume 1: 700 Things for Boys to Do",,https://www.gutenberg.org/ebooks/12655
Lifestyle & Hobbies,Sports/Hobbies,Khaki knitting book,,https://www.gutenberg.org/ebooks/76611
Lifestyle & Hobbies,Sports/Hobbies,Little Wars; a game for boys from twelve years of age to one hundred and fifty and for that more intelligent sort of girl who likes boys' games and books.,H. G. Wells,https://www.gutenberg.org/ebooks/3691
Lifestyle & Hobbies,Sports/Hobbies,Chess Strategy,Edward Lasker,https://www.gutenberg.org/ebooks/5614
Lifestyle & Hobbies,Sports/Hobbies,Wrestling and Wrestlers,Jacob Robinson and Sidney Gilpin,https://www.gutenberg.org/ebooks/37562
Lifestyle & Hobbies,Sports/Hobbies,"The Magician's Own Book, or, the Whole Art of Conjuring",George Arnold and Frank Cahill,https://www.gutenberg.org/ebooks/60687
Lifestyle & Hobbies,Sports/Hobbies,"Yachting, Vol. 2","Marquis of Frederick Temple Blackwood Dufferin and Ava, R. T. Pritchett, James McFerran, G. L. Blake, and T. B. Middleton",https://www.gutenberg.org/ebooks/41973
Lifestyle & Hobbies,Sports/Hobbies,"Shelters, Shacks and Shanties",Daniel Carter Beard,https://www.gutenberg.org/ebooks/28255
Lifestyle & Hobbies,Sports/Hobbies,The Clicking of Cuthbert,P. G. Wodehouse,https://www.gutenberg.org/ebooks/7028
Lifestyle & Hobbies,Sports/Hobbies,Strength and How to Obtain It,Eugen Sandow,https://www.gutenberg.org/ebooks/65987
Lifestyle & Hobbies,Sports/Hobbies,"Fishing with the fly : sketches by lovers of the art, with illustrations of standard flies",,https://www.gutenberg.org/ebooks/46680
Lifestyle & Hobbies,Sports/Hobbies,"The blue book of chess : teaching the rudiments of the game, and giving an analysis of all the recognized openings",Howard Staunton,https://www.gutenberg.org/ebooks/16377
Lifestyle & Hobbies,Sports/Hobbies,"Outing; Vol. XIII.; October, 1888 to March, 1889",Various,https://www.gutenberg.org/ebooks/63593
Lifestyle & Hobbies,Sports/Hobbies,"The Traditional Games of England, Scotland, and Ireland (Vol 1 of 2)",Alice Bertha Gomme,https://www.gutenberg.org/ebooks/41727
Lifestyle & Hobbies,Sports/Hobbies,Lefty o' the Blue Stockings,Burt L. Standish,https://www.gutenberg.org/ebooks/76584
Lifestyle & Hobbies,Sports/Hobbies,Twentieth Century Standard Puzzle Book,,https://www.gutenberg.org/ebooks/63884
Lifestyle & Hobbies,Sports/Hobbies,Texas Fossils: An Amateur Collector's Handbook,William Henry Matthews,https://www.gutenberg.org/ebooks/56315
Science & Technology,Science - Physics,Philosophiae Naturalis Principia Mathematica (Latin),Isaac Newton,https://www.gutenberg.org/ebooks/28233
Science & Technology,Science - Physics,"Opticks : or, A treatise of the reflections, refractions, inflections and colours of light",Isaac Newton,https://www.gutenberg.org/ebooks/33504
Science & Technology,Science - Physics,Goethe's Theory of Colours,Johann Wolfgang von Goethe,https://www.gutenberg.org/ebooks/50572
Science & Technology,Science - Physics,The Veil Lifted: Modern Developments of Spirit Photography,,https://www.gutenberg.org/ebooks/59451
Science & Technology,Science - Physics,"Encyclopaedia Britannica, 11th Edition, ""Electrostatics"" to ""Engis""",Various,https://www.gutenberg.org/ebooks/35169
Science & Technology,Science - Physics,On Growth and Form,D'Arcy Wentworth Thompson,https://www.gutenberg.org/ebooks/55264
Science & Technology,Science - Physics,"Bibliographical history of electricity & magnetism, chronologically arranged",,https://www.gutenberg.org/ebooks/74764
Science & Technology,Science - Physics,A Popular History of Astronomy During the Nineteenth Century,Agnes M. Clerke,https://www.gutenberg.org/ebooks/28247
Science & Technology,Science - Physics,"A Budget of Paradoxes, Volume I",Augustus De Morgan,https://www.gutenberg.org/ebooks/23100
Science & Technology,Science - Physics,"Novum Organum; Or, True Suggestions for the Interpretation of Nature",Francis Bacon,https://www.gutenberg.org/ebooks/45988
